{
	"id": "/sic/protools/${BRANCHNAME}/",
	"apps": [
		{
			"id": "api",
			"dependencies": [
				"./postgres"
			],
			"instances": 1,
			"cpus": 0.01,
			"mem": 2048,
			"disk": 0,
			"gpus": 0,
			"backoffFactor": 5,
			"backoffSeconds": 10,
			"maxLaunchDelaySeconds": 7200,
			"container": {
				"type": "DOCKER",
				"docker": {
					"image": "${IMAGE_API}",
					"network": "BRIDGE",
					"portMappings": [
						{
							"containerPort": 8080,
							"hostPort": 0,
							"protocol": "tcp",
							"name": "default"
						}
					],
					"privileged": false,
					"forcePullImage": true
				}
			},
			"healthChecks": [
				{
					"gracePeriodSeconds": 300,
					"intervalSeconds": 60,
					"maxConsecutiveFailures": 3,
					"portIndex": 0,
					"protocol": "MESOS_TCP",
					"timeoutSeconds": 40
				}
			],
			"labels": {
				"HAPROXY_GROUP": "external",
				"HAPROXY_0_ENABLED": "true",
				"HAPROXY_0_VHOST": "${BRANCHNAME}-api-protools-sic.dev.innovation.insee.eu",
				"GITLAB_BUILD_TIME": "${GITLAB_BUILD_ID}"
			},
			"env": {
				"SPRING_DATASOURCE_URL": "jdbc:postgresql://postgres-${BRANCHNAME}-protools-sic.deploy.containerip.dcos.thisdcos.directory:5432/defaultdb",
				"SPRING_DATASOURCE_PASSWORD": "protools",
				"SPRING_DATASOURCE_USERNAME": "protools"
			}
		},
		{
			"id": "front",
			"instances": 1,
			"cpus": 0.01,
			"mem": 256,
			"disk": 0,
			"gpus": 0,
			"backoffFactor": 5,
			"backoffSeconds": 10,
			"maxLaunchDelaySeconds": 7200,
			"container": {
				"type": "DOCKER",
				"docker": {
					"image": "${IMAGE_JS}",
					"network": "BRIDGE",
					"portMappings": [
						{
							"containerPort": 80,
							"hostPort": 0,
							"protocol": "tcp",
							"name": "default"
						}
					],
					"privileged": false,
					"forcePullImage": true
				}
			},
			"healthChecks": [
				{
					"gracePeriodSeconds": 300,
					"intervalSeconds": 60,
					"maxConsecutiveFailures": 3,
					"portIndex": 0,
					"protocol": "MESOS_TCP",
					"ipProtocol": "IPv4",
					"timeoutSeconds": 20,
					"delaySeconds": 15
				}
			],
			"labels": {
				"HAPROXY_GROUP": "external",
				"HAPROXY_0_VHOST": "${BRANCHNAME}-front-protools-sic.dev.innovation.insee.eu",
				"HAPROXY_0_ENABLED": "true",
				"HAPROXY_0_REDIRECT_TO_HTTPS": "true",
				"HAPROXY_0_FRONTEND_HEAD": "",
				"HAPROXY_0_FRONTEND_BACKEND_GLUE": "",
				"HAPROXY_0_BACKEND_HTTP_HEALTHCHECK_OPTIONS": "  option  httpchk GET /\n  timeout check {healthCheckTimeoutSeconds}s\n",
				"GITLAB_BUILD_TIME": "${GITLAB_BUILD_ID}"
			}
		},
		{
			"id": "postgres",
			"cpus": 0.01,
			"mem": 2048,
			"disk": 0,
			"instances": 1,
			"backoffFactor": 5,
			"backoffSeconds": 10,
			"maxLaunchDelaySeconds": 7200,
			"container": {
				"type": "DOCKER",
				"docker": {
					"forcePullImage": true,
					"image": "postgres:11",
					"parameters": [],
					"privileged": false
				},
				"volumes": [],
				"portMappings": [
					{
						"containerPort": 5432,
						"hostPort": 0,
						"labels": {},
						"name": "postgresql",
						"protocol": "tcp",
						"servicePort": 0
					}
				]
			},
			"healthChecks": [
				{
					"gracePeriodSeconds": 120,
					"intervalSeconds": 10,
					"maxConsecutiveFailures": 3,
					"portIndex": 0,
					"protocol": "MESOS_TCP",
					"ipProtocol": "IPv4",
					"timeoutSeconds": 5,
					"delaySeconds": 15
				}
			],
			"labels": {
				"GITLAB_BUILD_TIME": "${GITLAB_BUILD_ID}"
			},
			"networks": [
				{
					"name": "dcos",
					"mode": "container"
				}
			],
			"upgradeStrategy": {
				"maximumOverCapacity": 0,
				"minimumHealthCapacity": 0
			},
			"env": {
				"POSTGRES_USER": "protools",
				"POSTGRES_PASSWORD": "protools",
				"POSTGRES_DB": "defaultdb"
			},
			"portDefinitions": []
		},
		{
			"id": "pgadmin",
			"cmd": null,
			"cpus": 0.01,
			"mem": 512,
			"disk": 0,
			"backoffFactor": 5,
			"backoffSeconds": 10,
			"maxLaunchDelaySeconds": 7200,
			"instances": 1,
			"container": {
				"type": "DOCKER",
				"docker": {
					"forcePullImage": true,
					"image": "docker-registry.beta.innovation.insee.eu/innovation/pgadmin",
					"parameters": [],
					"privileged": false
				},
				"volumes": [],
				"portMappings": [
					{
						"containerPort": 80,
						"hostPort": 0,
						"labels": {},
						"name": "pgadmin",
						"protocol": "tcp",
						"servicePort": 0
					}
				]
			},
			"healthChecks": [
				{
					"gracePeriodSeconds": 120,
					"intervalSeconds": 10,
					"maxConsecutiveFailures": 3,
					"portIndex": 0,
					"protocol": "MESOS_HTTP",
					"ipProtocol": "IPv4",
					"timeoutSeconds": 5,
					"delaySeconds": 15
				}
			],
			"labels": {
				"HAPROXY_0_REDIRECT_TO_HTTPS": "true",
				"HAPROXY_GROUP": "external",
				"HAPROXY_0_ENABLED": "true",
				"HAPROXY_0_FRONTEND_HEAD": "",
				"HAPROXY_0_FRONTEND_BACKEND_GLUE": "",
				"HAPROXY_0_VHOST": "${BRANCHNAME}-pgadmin-protools-sic.dev.innovation.insee.eu",
				"GITLAB_BUILD_TIME": "${GITLAB_BUILD_ID}"
			},
			"networks": [
				{
					"mode": "container/bridge"
				}
			],
			"upgradeStrategy": {
				"maximumOverCapacity": 0,
				"minimumHealthCapacity": 0
			},
			"env": {
				"DB_USER": "protools",
				"DB_PORT": "5432",
				"DB_HOST": "postgres-${BRANCHNAME}-protools-sic.deploy.containerip.dcos.thisdcos.directory",
				"DB_DBNAME": "defaultdb",
				"DB_DISPLAYNAME": "Protools ${BRANCHNAME}"
			},
			"portDefinitions": []
		},
		{
			"id": "index",
			"cmd": null,
			"cpus": 0.01,
			"mem": 128,
			"disk": 0,
			"backoffFactor": 5,
			"backoffSeconds": 10,
			"maxLaunchDelaySeconds": 7200,
			"instances": 1,
			"container": {
				"type": "DOCKER",
				"docker": {
					"forcePullImage": true,
					"image": "${IMAGE_INDEX}",
					"parameters": [],
					"privileged": false
				},
				"volumes": [],
				"portMappings": [
					{
						"containerPort": 80,
						"hostPort": 0,
						"labels": {},
						"name": "default",
						"protocol": "tcp",
						"servicePort": 0
					}
				]
			},
			"healthChecks": [
				{
					"gracePeriodSeconds": 120,
					"intervalSeconds": 10,
					"maxConsecutiveFailures": 3,
					"portIndex": 0,
					"protocol": "MESOS_TCP",
					"ipProtocol": "IPv4",
					"timeoutSeconds": 5,
					"delaySeconds": 15
				}
			],
			"labels": {
				"HAPROXY_0_REDIRECT_TO_HTTPS": "true",
				"HAPROXY_GROUP": "external",
				"HAPROXY_0_ENABLED": "true",
				"HAPROXY_0_FRONTEND_HEAD": "",
				"HAPROXY_0_FRONTEND_BACKEND_GLUE": "",
				"HAPROXY_0_VHOST": "${BRANCHNAME}-index-protools-sic.dev.innovation.insee.eu",
				"GITLAB_BUILD_TIME": "${GITLAB_BUILD_ID}"
			},
			"networks": [
				{
					"mode": "container/bridge"
				}
			],
			"upgradeStrategy": {
				"maximumOverCapacity": 0,
				"minimumHealthCapacity": 0
			},
			"portDefinitions": []
		}
	]
}