<assembly
	xmlns="http://maven.apache.org/plugins/maven-assembly-plugin/assembly/1.1.3"
	xmlns:xsi="http://www.w3.org/2001/XMLSchema-instance"
	xsi:schemaLocation="http://maven.apache.org/plugins/maven-assembly-plugin/assembly/1.1.3 http://maven.apache.org/xsd/assembly-1.1.3.xsd">
	<id>${version}</id>
	<formats>
		<format>zip</format>
	</formats>
	<includeBaseDirectory>false</includeBaseDirectory>

	<files>
		<file>
			<source>target/ROOT.war</source>
		</file>
		<file>
			<source>src/main/resources/assembly/${env}/protools.properties</source>
			<filtered>true</filtered>
		</file>
		<file>
			<source>src/main/resources/log4j2-cei.xml</source>
			<filtered>true</filtered>
		</file>
	</files>
</assembly>
